#,SIGLA,PLANTILLA DOCX,ID DE GRAFICO,DETALLE,FECHA DE CREACION,FECHA DE ACTUALIZACION,CREADOR POR,ACTUALIZADO POR
13,RPS_APM,PLANTILLA_RPS_APM.docx,APM Terminals - Firewall Principal - Callao - HA,2546,585,254,2022-03-28 15:51:13,2022-03-28 15:51:13,Alejandra Gonzales,Alejandra Gonzales,
14,RPS_APM,PLANTILLA_RPS_APM.docx,APM Terminals - Firewall Principal - Callao - HA,2546,585,254,2022-03-28 15:54:05,2022-03-28 15:54:05,Alejandra Gonzales,Alejandra Gonzales,
15,RPS_APM,PLANTILLA_RPS_APM.docx,APM Terminals - Firewall Principal - Callao - HA,2546,585,254,2022-03-28 15:54:05,2022-03-28 15:54:05,Alejandra Gonzales,Alejandra Gonzales,
16,RPS_APM,PLANTILLA_RPS_APM.docx,APM Terminals - Firewall Principal - Callao - HA,2546,585,254,2022-03-28 15:54:41,2022-03-28 15:54:41,Alejandra Gonzales,Alejandra Gonzales,
17,RPS_APM,PLANTILLA_RPS_APM.docx,APM Terminals - Firewall Principal - Callao - HA,2546,585,254,2022-03-28 16:04:09,2022-03-28 16:04:09,Alejandra Gonzales,Alejandra Gonzales,
18,RPS_APM,PLANTILLA_RPS_APM.docx,APM Terminals - Firewall Principal - Callao - HA,2546,585,254,2022-03-28 16:04:09,2022-03-28 16:04:09,Alejandra Gonzales,Alejandra Gonzales,
19,RPS_APM,PLANTILLA_RPS_APM.docx,APM Terminals - Firewall Principal - Callao - HA,2546,585,254,2022-03-28 16:04:34,2022-03-28 16:04:34,Alejandra Gonzales,Alejandra Gonzales,
20,RPS_APM,PLANTILLA_RPS_APM.docx,APM Terminals - Firewall Principal - Callao - HA,2546,585,254,2022-03-28 16:05:47,2022-03-28 16:05:47,Alejandra Gonzales,Alejandra Gonzales,
21,RPS_APM,PLANTILLA_RPS_APM.docx,APM Terminals - Firewall Principal - Callao - HA,2546,585,254,2022-03-28 16:05:47,2022-03-28 16:05:47,Alejandra Gonzales,Alejandra Gonzales,
22,RPS_APM,PLANTILLA_RPS_APM.docx,APM Terminals - Firewall Principal - Callao - HA,2546,585,254,2022-03-28 16:06:17,2022-03-28 16:06:17,Alejandra Gonzales,Alejandra Gonzales,
23,RPS_APM,PLANTILLA_RPS_APM.docx,APM Terminals - Firewall Principal - Callao - HA,2546,585,254,2022-03-28 16:10:57,2022-03-28 16:10:57,Alejandra Gonzales,Alejandra Gonzales,
24,RPS_APM,PLANTILLA_RPS_APM.docx,APM Terminals - Firewall Principal - Callao - HA,2546,585,254,2022-03-28 16:12:04,2022-03-28 16:12:04,Alejandra Gonzales,Alejandra Gonzales,
26,RPS_APM,PLANTILLA_RPS_APM.docx,APM Terminals - Firewall Principal - Callao - HA,2546,585,254,2022-03-28 16:14:20,2022-03-28 16:14:20,Alejandra Gonzales,Alejandra Gonzales,
999,RPS_APM,PLANTILLA_RPS_APM.docx,APM Terminals - Firewall Principal - Callao - HA,2546,585,254,2022-03-28 15:51:13,2022-03-28 15:51:13,Alejandra Gonzales,Alejandra Gonzales,
