#,SIGLA DE PLANTILLA,NOMBRE DE PLANTILLA,PLANTILLA DOCX,FECHA DE CREACIÓN,FECHA DE ACTUALIZACIÓN,CREADOR POR,ACTUALIZADO POR
1,RPS_APM,PLANTILLA_RPS_APM,PLANTILLA_RPS_APM.docx,2022-03-24 18:24:31,2022-03-28 13:59:29,Alejandra Gonzales,Automatizacion,
2,DIA_BRI,PLANTILLA_DIA_BRI,PLANTILLA_DIA_BRI.docx,2022-03-24 18:36:25,2022-03-28 13:38:17,Alejandra Gonzales,Automatizacion,
3,DIA_HYO,PLANTILLA_DIA_HYO,PLANTILLA_DIA_HYO.docx,2022-03-24 18:37:09,2022-03-28 13:41:09,Alejandra Gonzales,Automatizacion,
4,DIA_PAC,PLANTILLA_DIA_PAC,PLANTILLA_DIA_PAC.docx,2022-03-24 18:38:02,2022-03-28 13:43:30,Alejandra Gonzales,Automatizacion,
5,MEN_HER,PLANTILLA_MEN_HER,PLANTILLA_MEN_HER.docx,2022-03-24 18:41:44,2022-03-28 14:02:17,Alejandra Gonzales,Automatizacion,
6,MEN_APM,PLANTILLA_MEN_APM,PLANTILLA_MEN_APM.docx,2022-03-24 18:43:37,2022-03-28 13:49:09,Alejandra Gonzales,Automatizacion,
7,DIA_BFA,PLANTILLA_DIA_BFA,PLANTILLA_DIA_BFA.docx,2022-03-24 18:56:29,2022-03-28 13:51:19,Alejandra Gonzales,Automatizacion,
8,MEN_BVA,PLANTILLA_MEN_BVA,PLANTILLA_MEN_BVA.docx,2022-03-28 13:25:14,2022-03-28 13:25:14,Automatizacion,Automatizacion,
9,MEN_ANT,PLANTILLA_MEN_ANT,PLANTILLA_MEN_ANT.docx,2022-03-28 13:46:57,2022-03-28 13:46:57,Automatizacion,Automatizacion,
10,MEN_BIF,PLANTILLA_MEN_BIF,PLANTILLA_MEN_BIF.docx,2022-03-28 13:54:06,2022-03-28 13:54:06,Automatizacion,Automatizacion,
11,MEN_MAY,PLANTILLA_MEN_MAY,PLANTILLA_MEN_MAY.docx,2022-03-28 14:00:52,2022-03-28 14:00:52,Automatizacion,Automatizacion,
12,DIA_HER,PLANTILLA_DIA_HER,PLANTILLA_DIA_HER.docx,2022-03-28 14:03:02,2022-03-28 14:03:02,Automatizacion,Automatizacion,
13,MEN_BNV,PLANTILLA_MEN_BNV,PLANTILLA_MEN_BNV.docx,2022-03-28 14:17:52,2022-03-28 14:36:06,Automatizacion,Automatizacion,
14,MEN_ICA,PLANTILLA_MEN_ICA,PLANTILLA_MEN_ICA.docx,2022-03-30 13:50:22,2022-03-30 13:50:22,Automatizacion,Automatizacion,
15,DIA_ICA,PLANTILLA_DIA_ICA,PLANTILLA_DIA_ICA.docx,2022-03-30 13:51:53,2022-03-30 13:53:44,Automatizacion,Automatizacion,
16,RPS_CAL,PLANTILLA_RPS_CAL,PLANTILLA_RPS_CAL.docx,2022-03-30 13:54:38,2022-03-30 13:54:38,Automatizacion,Automatizacion,
17,RPS_BVA,PLANTILLA_RPS_BVA,PLANTILLA_RPS_BVA.docx,2022-03-30 13:56:15,2022-03-30 13:56:15,Automatizacion,Automatizacion,
18,MEN_BPC,PLANTILLA_MEN_BPC,PLANTILLA_MEN_BPC.docx,2022-03-30 14:07:33,2022-03-30 14:07:33,Automatizacion,Automatizacion,
